age_group,population_total,population_male,population_female,census_year
0 a 4,870693,443028,427665,2024
5 a 9,1147515,584218,563297,2024
10 a 14,1256440,641284,615156,2024
15 a 19,1219347,625986,593361,2024
20 a 24,1273193,646831,626362,2024
25 a 29,1383669,693829,689840,2024
30 a 34,1527489,758913,768576,2024
35 a 39,1408198,692292,715906,2024
40 a 44,1270493,615866,654627,2024
45 a 49,1151776,549508,602268,2024
50 a 54,1173352,556491,616861,2024
55 a 59,1133239,530699,602540,2024
60 a 64,1077790,501042,576748,2024
65 a 69,870801,403425,467376,2024
70 a 74,646241,292622,353619,2024
75 a 79,477186,208574,268612,2024
80 a 84,317424,129155,188269,2024
85 o más,275586,93270,182316,2024
