age_group,deaths_total,deaths_male,deaths_female,deaths_indeterminate,period
Menores de 1 año,77,39,38,0,2026-04
1 a 4,11,6,5,0,2026-04
5 a 9,6,5,1,0,2026-04
10 a 14,11,5,6,0,2026-04
15 a 19,33,24,9,0,2026-04
20 a 24,58,43,15,0,2026-04
25 a 29,88,69,19,0,2026-04
30 a 34,126,88,38,0,2026-04
35 a 39,134,101,33,0,2026-04
40 a 44,186,114,72,0,2026-04
45 a 49,217,130,87,0,2026-04
50 a 54,331,201,130,0,2026-04
55 a 59,444,269,175,0,2026-04
60 a 64,703,421,282,0,2026-04
65 a 69,927,568,359,0,2026-04
70 a 74,1063,604,459,0,2026-04
75 a 79,1260,684,576,0,2026-04
80 a 84,1442,724,718,0,2026-04
85 a 89,1305,576,729,0,2026-04
90 a 94,999,358,641,0,2026-04
95 a 99,512,134,378,0,2026-04
100 años y mas,108,20,88,0,2026-04
