period,births_total,deaths_total,deaths_male,deaths_female,source_url
2025-01,12827,10194,5211,4983,https://www.ine.gob.cl/sala-de-prensa/prensa/general/noticia/2025/04/15/nacimientos-y-matrimonios-disminuyeron-interanualmente-en-enero-de-2025
2025-02,11503,8894,4608,4286,https://www.ine.gob.cl/sala-de-prensa/prensa/general/noticia/2025/05/15/matrimonios-disminuyeron-interanualmente-en-febrero-de-2025
2025-03,12654,9459,4997,4461,https://www.ine.gob.cl/sala-de-prensa/prensa/general/noticia/2025/06/16/acuerdos-de-uni%C3%B3n-civil-aumentaron-24-3-interanualmente-en-marzo-de-2025
2025-04,12586,10155,5310,4844,https://www.ine.gob.cl/sala-de-prensa/prensa/general/noticia/2025/07/15/nacimientos-y-matrimonios-disminuyeron-interanualmente-en-abril-de-2025
2025-05,12543,11519,6015,5503,https://www.ine.gob.cl/sala-de-prensa/prensa/general/noticia/2025/08/14/nacimientos-matrimonios-y-defunciones-disminuyeron-interanualmente-en-mayo-de-2025
2025-06,11853,11673,6085,5588,https://www.ine.gob.cl/sala-de-prensa/prensa/general/noticia/2025/09/15/nacimientos-y-matrimonios-disminuyeron-en-junio-de-2025
2025-07,12064,11790,6194,5596,https://www.ine.gob.cl/sala-de-prensa/prensa/general/noticia/2025/10/15/defunciones-matrimonios-y-auc-aumentaron-interanualmente-en-julio-de-2025
2025-08,11807,10989,5713,5276,https://www.ine.gob.cl/sala-de-prensa/prensa/general/noticia/2025/11/14/acuerdos-de-uni%C3%B3n-civil-aumentaron-interanualmente-en-agosto-de-2025
2025-09,12299,10711,5619,5092,https://www.ine.gob.cl/sala-de-prensa/prensa/general/noticia/2025/12/15/matrimonios-acuerdos-de-uni%C3%B3n-civil-y-defunciones-aumentaron-interanualmente-en-septiembre-de-2025
2025-10,12071,10725,5526,5199,https://www.ine.gob.cl/sala-de-prensa/prensa/general/noticia/2026/01/15/matrimonios-acuerdos-de-uni%C3%B3N-civil-y-defunciones-aumentaron-interanualmente-en-octubre-de-2025
2025-11,11613,10050,5200,4850,https://www.ine.gob.cl/sala-de-prensa/prensa/general/noticia/2026/02/16/matrimonios-auc-y-defunciones-aumentaron-interanualmente-en-noviembre-de-2025
2025-12,12352,10001,,,https://www.ine.gob.cl/sala-de-prensa/prensa/general/noticia/2026/03/16/nacimientos-aumentaron-1-interanualmente-en-diciembre-de-2025
2026-01,12717,10478,5480,4997,https://www.ine.gob.cl/sala-de-prensa/prensa/general/noticia/2026/04/15/matrimonios-acuerdos-de-uni%C3%B3n-civil-y-defunciones-aumentaron-interanualmente-en-enero-de-2026
2026-02,11481,8867,4594,4273,https://www.ine.gob.cl/sala-de-prensa/prensa/general/noticia/2026/05/15/matrimonios-y-acuerdos-de-uni%C3%B3n-civil-aumentaron-interanualmente-en-febrero-de-2026
2026-03,13123,9896,5207,4688,https://www.ine.gob.cl/sala-de-prensa/prensa/general/noticia/2026/06/15/nacimientos-aumentaron-3-5-interanualmente-en-marzo-de-2026
2026-04,12542,10041,5183,4858,https://www.ine.gob.cl/sala-de-prensa/prensa/general/noticia/2026/07/15/matrimonios-y-acuerdos-de-uni%C3%B3n-civil-aumentaron-interanualmente-en-abril-de-2026
